search,cat1,cat2,cat3,cat4
juniper networks,Computers & Electronics,Computer Hardware, ,
for loop,Web Design & Development, , ,
fullmetal alchemist brotherhood episodes,Action & Adventure Films,Animated Films,Comics & Animation,
col in javascript,Web Design & Development, , ,
lunar new year 2021,News, , ,
saimaa ringed seal,Pets, , ,
soft return vs hard return,Graphic Design,Graphics & Animation Software, ,
animals that start with v,Pets, , ,
90f to C,Outdoors, , ,
walter ruttmann,Visual Art & Design, , ,
fernand leger,Visual Art & Design, , ,
fernand leger motions,Visual Art & Design, , ,
pablo ferro,Visual Art & Design, , ,
saul bass,Visual Art & Design, , ,
proceduralism,Books & Literature, , ,
hex color picker,Graphic Design,Visual Art & Design, ,
rick rolled,Celebrity & Entertainment News, , ,
eiji aonuma,Action & Platform Games,Adventure Games, ,
legend of zelda anniversary,Action & Platform Games,Adventure Games, ,
statement of work for designers,Business Services,Graphic Design,Jobs,
addition formula for google sheets,Business Services, , ,
figma,Graphic Design,Graphics & Animation Software,Visual Art & Design,
sims 4,Casual Games, , ,
how to make clipping mask for image in illustrator,Graphic Design,Graphics & Animation Software,Visual Art & Design,
linkedin image post size,Graphic Design,Jobs, ,
google search result data trends,Web Design & Development,Computers & Electronics,Google,
ensure synonym,Books & Literature, , ,
luca trailer,Animated Films,Comics & Animation,Movies,Family Films
emailing someone asking about results or next steps from interview,Business Services,Jobs, ,
pokemon sinnoh remake,Action & Platform Games,Adventure Games, ,
vyond,Jobs,Graphic Design, ,
saic viscom course offerings,Education Status: Current College Students,Graphic Design, Visual Art & Design,
lingua franca,Books & Literature, , ,
bank,Banking, , ,
we're not really strangers quizlet,Education Status: Current College Students,Casual Games, ,
sinnoh pokemon,Action & Platform Games,Adventure Games, ,
jessica walsh instagram,Visual Art & Design,Graphic Design, ,
fullmetal alchemist brotherhood episodes,Action & Adventure Films,Animated Films,Comics & Animation,
inch mark,Construction & Maitenance,Home Improvement, ,
a4 paper size,Business Cards & Stationery, , ,
thai rama,Restaurants, , ,
running shop in walnut creek ca,Outdoors, , ,
randomized list maker,Web Design & Development,Computers & Electronics, ,
bart simpson in bed meme,Comics & Animation, , ,
homer simpson in bed meme,Comics & Animation, , ,
growlithe,Action & Platform Games,Adventure Games, ,
human agency texas,Graphic Design,Jobs, ,
marathon strategies llc,Jobs,Graphic Design, ,
US phone number country code,Business Services, , ,
mullenlowe,Jobs,Graphic Design, ,
facebook logo,Graphic Design, , ,
twitter logo,Graphic Design, , ,
instagram logo,Graphic Design, , ,
attentive synonym,Books & Literature, , ,
ones',Books & Literature, , ,
one's vs ones',Books & Literature, , ,
balance synonym,Books & Literature, , ,
ensure synonym,Books & Literature, , ,
artbreeder,Graphics & Animation Software,Visual Art & Design, ,
glossier,Shopping, , ,
into the gloss,Shopping, , ,
cat crying meme,Cats, , ,
siamese cat,Pets,Cats, ,
cream colored cat,Pets,Cats, ,
gray siamese cat,Pets,Cats, ,
cheesecake factory shrimp scampi recipe,Restaurants, , ,
60 f to c,Outdoors, , ,
45 f to c,Outdoors, , ,
your name,Animated Films, , ,
grammys performances,Celebrity & Entertainment News, , ,
ogilvy,Jobs,Graphic Design, ,
glossier brand guidelines,Graphic Design,Shopping, ,
glossier design,Graphic Design,Shopping, ,
oscar nomination cards,Celebrity & Entertainment News, , ,
gray siamese kitten,Pets,Cats, ,
your name ,Animated Films,Movies, ,
motive agency,Graphic Design,Jobs, ,